{
  "name": "Build an Astra DB RPG",
  "description": "This example is a simple RPG application that allows you to add skills and allocate skill points to them, gaining you experience and levels as a result.",
  "duration": "30 minutes",
  "skillLevel": "Advanced",
  "githubUrl": "https://github.com/DataStax-Examples/rpg-astra",
  "heroImage": "https://raw.githubusercontent.com/DataStax-Examples/rpg-astra/master/hero.jpg",
  "gitpodUrl": "https://gitpod.io/#https://github.com/DataStax-Examples/rpg-astra",
  "tags": [
    { "name": "javascript" },
    { "name": "react" },
    { "name": "netlify" }
  ],
  "category": "apps",
  "priority": 3
}
